"sample_time","device_data"
"1638909774476","{""humidity"":{""N"":""0.988434""},""PM10"":{""N"":""28.2""},""temp"":{""N"":""5.036438""},""PM25"":{""N"":""2.7""}}"
"1639412831023","{""humidity"":{""N"":""0.999999""},""PM10"":{""N"":""5""},""temp"":{""N"":""150.0334""},""PM25"":{""N"":""2.4""}}"
"1639288917534","{""humidity"":{""N"":""0.999999""},""PM10"":{""N"":""12.2""},""temp"":{""N"":""150.0334""},""PM25"":{""N"":""3.2""}}"
"1638875667168","{""humidity"":{""N"":""0.818272""},""PM10"":{""N"":""7.9""},""temp"":{""N"":""7.147079""},""PM25"":{""N"":""1.2""}}"
"1638983399484","{""humidity"":{""N"":""0.663497""},""PM10"":{""N"":""18.8""},""temp"":{""N"":""5.978634""},""PM25"":{""N"":""3.2""}}"
"1639206296463","{""humidity"":{""N"":""0.92363""},""PM10"":{""N"":""5""},""temp"":{""N"":""2.36837""},""PM25"":{""N"":""1.9""}}"
"1639037265934","{""humidity"":{""N"":""0.826066""},""PM10"":{""N"":""8.8""},""temp"":{""N"":""3.401566""},""PM25"":{""N"":""1.5""}}"
"1639137140318","{""humidity"":{""N"":""0.708417""},""PM10"":{""N"":""2""},""temp"":{""N"":""6.415489""},""PM25"":{""N"":""0.9""}}"
"1639373322524","{""humidity"":{""N"":""0.999999""},""PM10"":{""N"":""6.6""},""temp"":{""N"":""150.0334""},""PM25"":{""N"":""1.2""}}"
"1639208093280","{""humidity"":{""N"":""0.931926""},""PM10"":{""N"":""12.5""},""temp"":{""N"":""2.111218""},""PM25"":{""N"":""3.2""}}"
"1639281732093","{""humidity"":{""N"":""0.999999""},""PM10"":{""N"":""26.8""},""temp"":{""N"":""150.0334""},""PM25"":{""N"":""3.5""}}"
"1639110891545","{""humidity"":{""N"":""0.958034""},""PM10"":{""N"":""5.2""},""temp"":{""N"":""5.825829""},""PM25"":{""N"":""1.4""}}"
"1639123467957","{""humidity"":{""N"":""0.999999""},""PM10"":{""N"":""4.6""},""temp"":{""N"":""150.0334""},""PM25"":{""N"":""1.6""}}"
"1638882849218","{""humidity"":{""N"":""0.910343""},""PM10"":{""N"":""14.6""},""temp"":{""N"":""7.379627""},""PM25"":{""N"":""1.8""}}"
"1639191926839","{""humidity"":{""N"":""0.943686""},""PM10"":{""N"":""4.2""},""temp"":{""N"":""1.090424""},""PM25"":{""N"":""2.1""}}"
"1638870276715","{""humidity"":{""N"":""0.803744""},""PM10"":{""N"":""26.3""},""temp"":{""N"":""5.898323""},""PM25"":{""N"":""2.5""}}"
"1639012127684","{""humidity"":{""N"":""0.725012""},""PM10"":{""N"":""10""},""temp"":{""N"":""5.831745""},""PM25"":{""N"":""2.1""}}"
"1639017514455","{""humidity"":{""N"":""0.695656""},""PM10"":{""N"":""9.2""},""temp"":{""N"":""5.609501""},""PM25"":{""N"":""1.5""}}"
"1639339199637","{""humidity"":{""N"":""0.999999""},""PM10"":{""N"":""6.5""},""temp"":{""N"":""150.0334""},""PM25"":{""N"":""2.7""}}"
"1638839751085","{""humidity"":{""N"":""0.9148""},""PM10"":{""N"":""13.7""},""temp"":{""N"":""1.554176""},""PM25"":{""N"":""1.7""}}"
"1639328423934","{""humidity"":{""N"":""0.999999""},""PM10"":{""N"":""5.4""},""temp"":{""N"":""150.0334""},""PM25"":{""N"":""1.6""}}"
"1638988786260","{""humidity"":{""N"":""0.650701""},""PM10"":{""N"":""4.2""},""temp"":{""N"":""6.288441""},""PM25"":{""N"":""1.7""}}"
"1639109095956","{""humidity"":{""N"":""0.999999""},""PM10"":{""N"":""6.8""},""temp"":{""N"":""5.867989""},""PM25"":{""N"":""2.3""}}"
"1639188336270","{""humidity"":{""N"":""0.91631""},""PM10"":{""N"":""5""},""temp"":{""N"":""1.30809""},""PM25"":{""N"":""2.6""}}"
"1638893619390","{""humidity"":{""N"":""0.973699""},""PM10"":{""N"":""5.8""},""temp"":{""N"":""5.124569""},""PM25"":{""N"":""2.3""}}"
"1639403851867","{""humidity"":{""N"":""0.999999""},""PM10"":{""N"":""5.5""},""temp"":{""N"":""150.0334""},""PM25"":{""N"":""1.8""}}"
"1639369731663","{""humidity"":{""N"":""0.999999""},""PM10"":{""N"":""7""},""temp"":{""N"":""150.0334""},""PM25"":{""N"":""1.8""}}"
"1638891826558","{""humidity"":{""N"":""0.949378""},""PM10"":{""N"":""8.8""},""temp"":{""N"":""7.62495""},""PM25"":{""N"":""2""}}"
"1639190130659","{""humidity"":{""N"":""0.924754""},""PM10"":{""N"":""18.1""},""temp"":{""N"":""1.333462""},""PM25"":{""N"":""3.7""}}"
"1639172180574","{""humidity"":{""N"":""0.794955""},""PM10"":{""N"":""4.4""},""temp"":{""N"":""3.880581""},""PM25"":{""N"":""1.7""}}"
"1638812821858","{""humidity"":{""N"":""0.795448""},""PM10"":{""N"":""6.6""},""temp"":{""N"":""5.758297""},""PM25"":{""N"":""2.1""}}"
"1638837954579","{""humidity"":{""N"":""0.900929""},""PM10"":{""N"":""2.7""},""temp"":{""N"":""1.772415""},""PM25"":{""N"":""1.3""}}"
"1639357160685","{""humidity"":{""N"":""0.999999""},""PM10"":{""N"":""4.6""},""temp"":{""N"":""150.0334""},""PM25"":{""N"":""1.6""}}"
"1639073185395","{""humidity"":{""N"":""0.81481""},""PM10"":{""N"":""6.7""},""temp"":{""N"":""6.296452""},""PM25"":{""N"":""2.7""}}"
"1638985195428","{""humidity"":{""N"":""0.636971""},""PM10"":{""N"":""5.3""},""temp"":{""N"":""6.223198""},""PM25"":{""N"":""1.8""}}"
"1639008535895","{""humidity"":{""N"":""0.712822""},""PM10"":{""N"":""4.8""},""temp"":{""N"":""5.818199""},""PM25"":{""N"":""1.5""}}"
"1639022903073","{""humidity"":{""N"":""0.721976""},""PM10"":{""N"":""10.3""},""temp"":{""N"":""4.927509""},""PM25"":{""N"":""1.7""}}"
"1639344587255","{""humidity"":{""N"":""0.999999""},""PM10"":{""N"":""14.5""},""temp"":{""N"":""150.0334""},""PM25"":{""N"":""3.9""}}"
"1639227854598","{""humidity"":{""N"":""0.729749""},""PM10"":{""N"":""10.6""},""temp"":{""N"":""8.612743""},""PM25"":{""N"":""3.1""}}"
"1639055230427","{""humidity"":{""N"":""0.653724""},""PM10"":{""N"":""12.3""},""temp"":{""N"":""7.699352""},""PM25"":{""N"":""2""}}"
"1639258382703","{""humidity"":{""N"":""0.999999""},""PM10"":{""N"":""16.1""},""temp"":{""N"":""9.801411""},""PM25"":{""N"":""5.1""}}"
"1639362545918","{""humidity"":{""N"":""0.999999""},""PM10"":{""N"":""4.6""},""temp"":{""N"":""150.0334""},""PM25"":{""N"":""1.6""}}"
"1639400260667","{""humidity"":{""N"":""0.999999""},""PM10"":{""N"":""2.9""},""temp"":{""N"":""150.0334""},""PM25"":{""N"":""1.1""}}"
"1638956467174","{""humidity"":{""N"":""0.688037""},""PM10"":{""N"":""10""},""temp"":{""N"":""6.653759""},""PM25"":{""N"":""2""}}"
"1638855906166","{""humidity"":{""N"":""0.940789""},""PM10"":{""N"":""11.1""},""temp"":{""N"":""1.185997""},""PM25"":{""N"":""2.4""}}"
"1639337402142","{""humidity"":{""N"":""0.999999""},""PM10"":{""N"":""9""},""temp"":{""N"":""150.0334""},""PM25"":{""N"":""3.8""}}"
"1639004945022","{""humidity"":{""N"":""0.732134""},""PM10"":{""N"":""5.8""},""temp"":{""N"":""5.87772""},""PM25"":{""N"":""1.8""}}"
"1639197316372","{""humidity"":{""N"":""0.94417""},""PM10"":{""N"":""8.1""},""temp"":{""N"":""1.128578""},""PM25"":{""N"":""2.4""}}"
"1639306876813","{""humidity"":{""N"":""0.999999""},""PM10"":{""N"":""29.6""},""temp"":{""N"":""150.0334""},""PM25"":{""N"":""5.2""}}"
"1639235033260","{""humidity"":{""N"":""0.898874""},""PM10"":{""N"":""5.9""},""temp"":{""N"":""7.163105""},""PM25"":{""N"":""2.2""}}"
"1639121669906","{""humidity"":{""N"":""0.999999""},""PM10"":{""N"":""7.4""},""temp"":{""N"":""150.0334""},""PM25"":{""N"":""1.3""}}"
"1638924140427","{""humidity"":{""N"":""0.855237""},""PM10"":{""N"":""11.4""},""temp"":{""N"":""4.566769""},""PM25"":{""N"":""1.2""}}"
"1638934916726","{""humidity"":{""N"":""0.788467""},""PM10"":{""N"":""7.1""},""temp"":{""N"":""5.324493""},""PM25"":{""N"":""1.7""}}"
"1638854111504","{""humidity"":{""N"":""0.908589""},""PM10"":{""N"":""7.8""},""temp"":{""N"":""1.595955""},""PM25"":{""N"":""1.5""}}"
"1638811026889","{""humidity"":{""N"":""0.776493""},""PM10"":{""N"":""9.7""},""temp"":{""N"":""6.863983""},""PM25"":{""N"":""1.2""}}"
"1639242215309","{""humidity"":{""N"":""0.944304""},""PM10"":{""N"":""11""},""temp"":{""N"":""7.11179""},""PM25"":{""N"":""4.8""}}"
"1638978015181","{""humidity"":{""N"":""0.614494""},""PM10"":{""N"":""2.8""},""temp"":{""N"":""7.394314""},""PM25"":{""N"":""1.4""}}"
"1639296100804","{""humidity"":{""N"":""0.999999""},""PM10"":{""N"":""12.3""},""temp"":{""N"":""150.0334""},""PM25"":{""N"":""2.6""}}"
"1639380507968","{""humidity"":{""N"":""0.999999""},""PM10"":{""N"":""8.3""},""temp"":{""N"":""150.0334""},""PM25"":{""N"":""2.1""}}"
"1639006740300","{""humidity"":{""N"":""0.736259""},""PM10"":{""N"":""16.1""},""temp"":{""N"":""5.519077""},""PM25"":{""N"":""1.8""}}"
"1639170385905","{""humidity"":{""N"":""0.790217""},""PM10"":{""N"":""24""},""temp"":{""N"":""4.047691""},""PM25"":{""N"":""3.2""}}"
"1638943895292","{""humidity"":{""N"":""0.782937""},""PM10"":{""N"":""12.3""},""temp"":{""N"":""4.938572""},""PM25"":{""N"":""1.4""}}"
"1639182952281","{""humidity"":{""N"":""0.880333""},""PM10"":{""N"":""10.1""},""temp"":{""N"":""2.395077""},""PM25"":{""N"":""3""}}"
"1639323037739","{""humidity"":{""N"":""0.999999""},""PM10"":{""N"":""2.5""},""temp"":{""N"":""150.0334""},""PM25"":{""N"":""1.3""}}"
"1639279935589","{""humidity"":{""N"":""0.999999""},""PM10"":{""N"":""16.2""},""temp"":{""N"":""150.0334""},""PM25"":{""N"":""3.4""}}"
"1639358956271","{""humidity"":{""N"":""0.999999""},""PM10"":{""N"":""9.5""},""temp"":{""N"":""150.0334""},""PM25"":{""N"":""1.4""}}"
"1638974425275","{""humidity"":{""N"":""0.618555""},""PM10"":{""N"":""8.2""},""temp"":{""N"":""8.031666""},""PM25"":{""N"":""2.3""}}"
"1639409239543","{""humidity"":{""N"":""0.999999""},""PM10"":{""N"":""3.2""},""temp"":{""N"":""150.0334""},""PM25"":{""N"":""1.6""}}"
"1639218869578","{""humidity"":{""N"":""0.821528""},""PM10"":{""N"":""27.8""},""temp"":{""N"":""5.458412""},""PM25"":{""N"":""4""}}"
"1638897209023","{""humidity"":{""N"":""0.981353""},""PM10"":{""N"":""8.8""},""temp"":{""N"":""5.15414""},""PM25"":{""N"":""2.2""}}"
"1639112685878","{""humidity"":{""N"":""0.999999""},""PM10"":{""N"":""3.6""},""temp"":{""N"":""150.0334""},""PM25"":{""N"":""1.1""}}"
"1639256587420","{""humidity"":{""N"":""0.999999""},""PM10"":{""N"":""12.7""},""temp"":{""N"":""9.586037""},""PM25"":{""N"":""6.6""}}"
"1639215276556","{""humidity"":{""N"":""0.885953""},""PM10"":{""N"":""13.6""},""temp"":{""N"":""3.871613""},""PM25"":{""N"":""4""}}"
"1639226055314","{""humidity"":{""N"":""0.739125""},""PM10"":{""N"":""27.4""},""temp"":{""N"":""7.945633""},""PM25"":{""N"":""4.1""}}"
"1638994173336","{""humidity"":{""N"":""0.676794""},""PM10"":{""N"":""18.2""},""temp"":{""N"":""6.17379""},""PM25"":{""N"":""2.7""}}"
"1638868480512","{""humidity"":{""N"":""0.815088""},""PM10"":{""N"":""15.4""},""temp"":{""N"":""4.992561""},""PM25"":{""N"":""1.6""}}"
"1639144323571","{""humidity"":{""N"":""0.999999""},""PM10"":{""N"":""3.5""},""temp"":{""N"":""150.0334""},""PM25"":{""N"":""1.2""}}"
"1639035469732","{""humidity"":{""N"":""0.83824""},""PM10"":{""N"":""14.9""},""temp"":{""N"":""3.046738""},""PM25"":{""N"":""2.1""}}"
"1639147914149","{""humidity"":{""N"":""0.999999""},""PM10"":{""N"":""5.6""},""temp"":{""N"":""150.0334""},""PM25"":{""N"":""1.5""}}"
"1638823590788","{""humidity"":{""N"":""0.844597""},""PM10"":{""N"":""11.8""},""temp"":{""N"":""3.247997""},""PM25"":{""N"":""2.2""}}"
"1638916957495","{""humidity"":{""N"":""0.881683""},""PM10"":{""N"":""12""},""temp"":{""N"":""4.69363""},""PM25"":{""N"":""1.3""}}"
"1638864888421","{""humidity"":{""N"":""0.840243""},""PM10"":{""N"":""3""},""temp"":{""N"":""3.743229""},""PM25"":{""N"":""1.3""}}"
"1638925936321","{""humidity"":{""N"":""0.872845""},""PM10"":{""N"":""10.7""},""temp"":{""N"":""4.271462""},""PM25"":{""N"":""1.2""}}"
"1639129955505","{""humidity"":{""N"":""0.774133""},""PM10"":{""N"":""3.9""},""temp"":{""N"":""4.961273""},""PM25"":{""N"":""1.2""}}"
"1639389486214","{""humidity"":{""N"":""0.999999""},""PM10"":{""N"":""5.9""},""temp"":{""N"":""150.0334""},""PM25"":{""N"":""2.3""}}"
"1639053434222","{""humidity"":{""N"":""0.657004""},""PM10"":{""N"":""11.2""},""temp"":{""N"":""7.563145""},""PM25"":{""N"":""1.8""}}"
"1639019309428","{""humidity"":{""N"":""0.706461""},""PM10"":{""N"":""6.6""},""temp"":{""N"":""5.331364""},""PM25"":{""N"":""1.9""}}"
"1638828976546","{""humidity"":{""N"":""0.895738""},""PM10"":{""N"":""4.9""},""temp"":{""N"":""2.302174""},""PM25"":{""N"":""2.2""}}"
"1639142527399","{""humidity"":{""N"":""0.676405""},""PM10"":{""N"":""4.8""},""temp"":{""N"":""6.651089""},""PM25"":{""N"":""1.7""}}"
"1639217073077","{""humidity"":{""N"":""0.85206""},""PM10"":{""N"":""12.5""},""temp"":{""N"":""5.120945""},""PM25"":{""N"":""4.2""}}"
"1639220667319","{""humidity"":{""N"":""0.787383""},""PM10"":{""N"":""12.4""},""temp"":{""N"":""6.508392""},""PM25"":{""N"":""3.9""}}"
"1639048043461","{""humidity"":{""N"":""0.768608""},""PM10"":{""N"":""9.5""},""temp"":{""N"":""5.237503""},""PM25"":{""N"":""2.3""}}"
"1638852315910","{""humidity"":{""N"":""0.922088""},""PM10"":{""N"":""4.8""},""temp"":{""N"":""1.461845""},""PM25"":{""N"":""2.1""}}"
"1639340995152","{""humidity"":{""N"":""0.999999""},""PM10"":{""N"":""10.3""},""temp"":{""N"":""150.0334""},""PM25"":{""N"":""2""}}"
"1638814617140","{""humidity"":{""N"":""0.777711""},""PM10"":{""N"":""6""},""temp"":{""N"":""5.323921""},""PM25"":{""N"":""1.2""}}"
"1639398464474","{""humidity"":{""N"":""0.999999""},""PM10"":{""N"":""2.5""},""temp"":{""N"":""150.0334""},""PM25"":{""N"":""1""}}"
"1639222464135","{""humidity"":{""N"":""0.750834""},""PM10"":{""N"":""16.8""},""temp"":{""N"":""7.349865""},""PM25"":{""N"":""3.7""}}"
"1638929528730","{""humidity"":{""N"":""0.798725""},""PM10"":{""N"":""6.7""},""temp"":{""N"":""5.191147""},""PM25"":{""N"":""2.5""}}"
"1639261973574","{""humidity"":{""N"":""0.999999""},""PM10"":{""N"":""12.1""},""temp"":{""N"":""10.00172""},""PM25"":{""N"":""5.7""}}"
"1639312264797","{""humidity"":{""N"":""0.999999""},""PM10"":{""N"":""16.1""},""temp"":{""N"":""150.0334""},""PM25"":{""N"":""2.9""}}"
"1638997764202","{""humidity"":{""N"":""0.762293""},""PM10"":{""N"":""4.2""},""temp"":{""N"":""5.43037""},""PM25"":{""N"":""1.8""}}"
"1638911570680","{""humidity"":{""N"":""0.987454""},""PM10"":{""N"":""10.5""},""temp"":{""N"":""4.80809""},""PM25"":{""N"":""2.1""}}"
"1639335606544","{""humidity"":{""N"":""0.999999""},""PM10"":{""N"":""10.6""},""temp"":{""N"":""150.0334""},""PM25"":{""N"":""2.9""}}"
"1638986990972","{""humidity"":{""N"":""0.624772""},""PM10"":{""N"":""25.7""},""temp"":{""N"":""6.368179""},""PM25"":{""N"":""2.6""}}"
"1638877462450","{""humidity"":{""N"":""0.869811""},""PM10"":{""N"":""13.7""},""temp"":{""N"":""6.990654""},""PM25"":{""N"":""1.9""}}"
"1639260178296","{""humidity"":{""N"":""0.999999""},""PM10"":{""N"":""7.8""},""temp"":{""N"":""10.00687""},""PM25"":{""N"":""3.8""}}"
"1639317651872","{""humidity"":{""N"":""0.999999""},""PM10"":{""N"":""13.1""},""temp"":{""N"":""150.0334""},""PM25"":{""N"":""2.3""}}"
"1639074981292","{""humidity"":{""N"":""0.82265""},""PM10"":{""N"":""8.5""},""temp"":{""N"":""6.767456""},""PM25"":{""N"":""2.8""}}"
"1639064208986","{""humidity"":{""N"":""0.770841""},""PM10"":{""N"":""6.1""},""temp"":{""N"":""5.582603""},""PM25"":{""N"":""2.1""}}"
"1639333810957","{""humidity"":{""N"":""0.999999""},""PM10"":{""N"":""9.5""},""temp"":{""N"":""150.0334""},""PM25"":{""N"":""2.4""}}"
"1638907978883","{""humidity"":{""N"":""0.98877""},""PM10"":{""N"":""6.1""},""temp"":{""N"":""4.985882""},""PM25"":{""N"":""2.8""}}"
"1638954670362","{""humidity"":{""N"":""0.709087""},""PM10"":{""N"":""11.8""},""temp"":{""N"":""6.239414""},""PM25"":{""N"":""1.3""}}"
"1639270956412","{""humidity"":{""N"":""0.999999""},""PM10"":{""N"":""17""},""temp"":{""N"":""150.0334""},""PM25"":{""N"":""4.2""}}"
"1638861296316","{""humidity"":{""N"":""0.862907""},""PM10"":{""N"":""4.1""},""temp"":{""N"":""3.016979""},""PM25"":{""N"":""1.6""}}"
"1639263770397","{""humidity"":{""N"":""0.999999""},""PM10"":{""N"":""19.8""},""temp"":{""N"":""10.09195""},""PM25"":{""N"":""8""}}"
"1639252994087","{""humidity"":{""N"":""0.999999""},""PM10"":{""N"":""8.3""},""temp"":{""N"":""9.135826""},""PM25"":{""N"":""3.1""}}"
"1639013923281","{""humidity"":{""N"":""0.729154""},""PM10"":{""N"":""9""},""temp"":{""N"":""5.754292""},""PM25"":{""N"":""2.3""}}"
"1638961855793","{""humidity"":{""N"":""0.637483""},""PM10"":{""N"":""5.4""},""temp"":{""N"":""8.308472""},""PM25"":{""N"":""1.9""}}"
"1638805662239","{""humidity"":{""N"":""0.836754""},""PM10"":{""N"":""3.4""},""temp"":{""N"":""7.490463""},""PM25"":{""N"":""1.6""}}"
"1638843341653","{""humidity"":{""N"":""0.921866""},""PM10"":{""N"":""2.8""},""temp"":{""N"":""1.313049""},""PM25"":{""N"":""1.3""}}"
"1638918752427","{""humidity"":{""N"":""0.876817""},""PM10"":{""N"":""14.9""},""temp"":{""N"":""4.548645""},""PM25"":{""N"":""1.7""}}"
"1639326628597","{""humidity"":{""N"":""0.999999""},""PM10"":{""N"":""3.5""},""temp"":{""N"":""150.0334""},""PM25"":{""N"":""1.8""}}"
"1638945690270","{""humidity"":{""N"":""0.778675""},""PM10"":{""N"":""5.6""},""temp"":{""N"":""4.811333""},""PM25"":{""N"":""1.1""}}"
"1639085756057","{""humidity"":{""N"":""0.944884""},""PM10"":{""N"":""4.7""},""temp"":{""N"":""7.41835""},""PM25"":{""N"":""2.3""}}"
"1638850521322","{""humidity"":{""N"":""0.91446""},""PM10"":{""N"":""2.9""},""temp"":{""N"":""1.414917""},""PM25"":{""N"":""1.1""}}"
"1638963651691","{""humidity"":{""N"":""0.643696""},""PM10"":{""N"":""29.7""},""temp"":{""N"":""8.516788""},""PM25"":{""N"":""2.9""}}"
"1638895413745","{""humidity"":{""N"":""0.979715""},""PM10"":{""N"":""11.6""},""temp"":{""N"":""5.35273""},""PM25"":{""N"":""2.4""}}"
"1639082164878","{""humidity"":{""N"":""0.903284""},""PM10"":{""N"":""16.2""},""temp"":{""N"":""7.439335""},""PM25"":{""N"":""2.7""}}"
"1639269159590","{""humidity"":{""N"":""0.999999""},""PM10"":{""N"":""26""},""temp"":{""N"":""150.0334""},""PM25"":{""N"":""3.8""}}"
"1639224260649","{""humidity"":{""N"":""0.736086""},""PM10"":{""N"":""9.1""},""temp"":{""N"":""7.673409""},""PM25"":{""N"":""3.3""}}"
"1639001355074","{""humidity"":{""N"":""0.726134""},""PM10"":{""N"":""3.8""},""temp"":{""N"":""5.889736""},""PM25"":{""N"":""1.2""}}"
"1639140732725","{""humidity"":{""N"":""0.674276""},""PM10"":{""N"":""11.5""},""temp"":{""N"":""6.702976""},""PM25"":{""N"":""2.5""}}"
"1639287121027","{""humidity"":{""N"":""0.999999""},""PM10"":{""N"":""21.3""},""temp"":{""N"":""150.0334""},""PM25"":{""N"":""4.2""}}"
"1639204500876","{""humidity"":{""N"":""0.927933""},""PM10"":{""N"":""9.7""},""temp"":{""N"":""2.143646""},""PM25"":{""N"":""2.9""}}"
"1639332015058","{""humidity"":{""N"":""0.999999""},""PM10"":{""N"":""8.3""},""temp"":{""N"":""150.0334""},""PM25"":{""N"":""3.2""}}"
"1639131750488","{""humidity"":{""N"":""0.760187""},""PM10"":{""N"":""4.2""},""temp"":{""N"":""5.393551""},""PM25"":{""N"":""1.7""}}"
"1639396668879","{""humidity"":{""N"":""0.999999""},""PM10"":{""N"":""6.6""},""temp"":{""N"":""150.0334""},""PM25"":{""N"":""1.1""}}"
"1639026495473","{""humidity"":{""N"":""0.73999""},""PM10"":{""N"":""3.2""},""temp"":{""N"":""4.801792""},""PM25"":{""N"":""1.2""}}"
"1639179361402","{""humidity"":{""N"":""0.865662""},""PM10"":{""N"":""19.7""},""temp"":{""N"":""2.422359""},""PM25"":{""N"":""3.2""}}"
"1638881053683","{""humidity"":{""N"":""0.891753""},""PM10"":{""N"":""15.1""},""temp"":{""N"":""7.309044""},""PM25"":{""N"":""4""}}"
"1639155203421","{""humidity"":{""N"":""0.686737""},""PM10"":{""N"":""7.3""},""temp"":{""N"":""6.341663""},""PM25"":{""N"":""2.6""}}"
"1639158012774","{""humidity"":{""N"":""0.725363""},""PM10"":{""N"":""7.9""},""temp"":{""N"":""5.743801""},""PM25"":{""N"":""2.4""}}"
"1639348180276","{""humidity"":{""N"":""0.999999""},""PM10"":{""N"":""6.2""},""temp"":{""N"":""150.0334""},""PM25"":{""N"":""1.9""}}"
"1638863091914","{""humidity"":{""N"":""0.866283""},""PM10"":{""N"":""8.9""},""temp"":{""N"":""3.300457""},""PM25"":{""N"":""1.8""}}"
"1639078573399","{""humidity"":{""N"":""0.915726""},""PM10"":{""N"":""8.5""},""temp"":{""N"":""7.047501""},""PM25"":{""N"":""3.1""}}"
"1639231443925","{""humidity"":{""N"":""0.796804""},""PM10"":{""N"":""13""},""temp"":{""N"":""7.857117""},""PM25"":{""N"":""2.9""}}"
"1639402056582","{""humidity"":{""N"":""0.999999""},""PM10"":{""N"":""4.8""},""temp"":{""N"":""150.0334""},""PM25"":{""N"":""2.1""}}"
"1639105504465","{""humidity"":{""N"":""0.999999""},""PM10"":{""N"":""9.3""},""temp"":{""N"":""6.493134""},""PM25"":{""N"":""1.7""}}"
"1638886441013","{""humidity"":{""N"":""0.905947""},""PM10"":{""N"":""13.3""},""temp"":{""N"":""7.752193""},""PM25"":{""N"":""2.2""}}"
"1638970834075","{""humidity"":{""N"":""0.628892""},""PM10"":{""N"":""8.6""},""temp"":{""N"":""8.380009""},""PM25"":{""N"":""1.5""}}"
"1639247604543","{""humidity"":{""N"":""0.999999""},""PM10"":{""N"":""12.5""},""temp"":{""N"":""7.776611""},""PM25"":{""N"":""4.6""}}"
"1639015718569","{""humidity"":{""N"":""0.712086""},""PM10"":{""N"":""5.1""},""temp"":{""N"":""5.832699""},""PM25"":{""N"":""2.1""}}"
"1639376916181","{""humidity"":{""N"":""0.999999""},""PM10"":{""N"":""3.8""},""temp"":{""N"":""150.0334""},""PM25"":{""N"":""1.5""}}"
"1638884644814","{""humidity"":{""N"":""0.88839""},""PM10"":{""N"":""9.4""},""temp"":{""N"":""7.901756""},""PM25"":{""N"":""2.6""}}"
"1639294304296","{""humidity"":{""N"":""0.999999""},""PM10"":{""N"":""12.1""},""temp"":{""N"":""150.0334""},""PM25"":{""N"":""1.8""}}"
"1639407444258","{""humidity"":{""N"":""0.999999""},""PM10"":{""N"":""3""},""temp"":{""N"":""150.0334""},""PM25"":{""N"":""1.2""}}"
"1639096530211","{""humidity"":{""N"":""0.998353""},""PM10"":{""N"":""7.4""},""temp"":{""N"":""7.792065""},""PM25"":{""N"":""3""}}"
"1639114483632","{""humidity"":{""N"":""0.999999""},""PM10"":{""N"":""5.9""},""temp"":{""N"":""150.0334""},""PM25"":{""N"":""1.9""}}"
"1639033674448","{""humidity"":{""N"":""0.848871""},""PM10"":{""N"":""6""},""temp"":{""N"":""2.941814""},""PM25"":{""N"":""1.7""}}"
"1638807438778","{""humidity"":{""N"":""0.906607""},""PM10"":{""N"":""8.1""},""temp"":{""N"":""6.115795""},""PM25"":{""N"":""1.8""}}"
"1639254790290","{""humidity"":{""N"":""0.999999""},""PM10"":{""N"":""24.7""},""temp"":{""N"":""9.428082""},""PM25"":{""N"":""4.3""}}"
"1639292508122","{""humidity"":{""N"":""0.999999""},""PM10"":{""N"":""7.1""},""temp"":{""N"":""150.0334""},""PM25"":{""N"":""2.1""}}"
"1638834363710","{""humidity"":{""N"":""0.886868""},""PM10"":{""N"":""4.4""},""temp"":{""N"":""1.949257""},""PM25"":{""N"":""1.2""}}"
"1639149710347","{""humidity"":{""N"":""0.999999""},""PM10"":{""N"":""3.9""},""temp"":{""N"":""150.0334""},""PM25"":{""N"":""1.1""}}"
"1638890031270","{""humidity"":{""N"":""0.924357""},""PM10"":{""N"":""7""},""temp"":{""N"":""7.637352""},""PM25"":{""N"":""1.1""}}"
"1638827181657","{""humidity"":{""N"":""0.899208""},""PM10"":{""N"":""3.3""},""temp"":{""N"":""2.149181""},""PM25"":{""N"":""1.3""}}"
"1639342791359","{""humidity"":{""N"":""0.999999""},""PM10"":{""N"":""11.4""},""temp"":{""N"":""150.0334""},""PM25"":{""N"":""2.9""}}"
"1639069594541","{""humidity"":{""N"":""0.786828""},""PM10"":{""N"":""15.6""},""temp"":{""N"":""5.680466""},""PM25"":{""N"":""3""}}"
"1639119872531","{""humidity"":{""N"":""0.999999""},""PM10"":{""N"":""11.9""},""temp"":{""N"":""150.0334""},""PM25"":{""N"":""1.8""}}"
"1638938507301","{""humidity"":{""N"":""0.813988""},""PM10"":{""N"":""14.3""},""temp"":{""N"":""4.814384""},""PM25"":{""N"":""1.8""}}"
"1639305079368","{""humidity"":{""N"":""0.999999""},""PM10"":{""N"":""16.1""},""temp"":{""N"":""150.0334""},""PM25"":{""N"":""5.1""}}"
"1639240418185","{""humidity"":{""N"":""0.925402""},""PM10"":{""N"":""18.4""},""temp"":{""N"":""7.0723""},""PM25"":{""N"":""5.2""}}"
"1639076777497","{""humidity"":{""N"":""0.882562""},""PM10"":{""N"":""21""},""temp"":{""N"":""6.812859""},""PM25"":{""N"":""5.4""}}"
"1639382303546","{""humidity"":{""N"":""0.999999""},""PM10"":{""N"":""6.3""},""temp"":{""N"":""150.0334""},""PM25"":{""N"":""1.7""}}"
"1639394872672","{""humidity"":{""N"":""0.999999""},""PM10"":{""N"":""8.8""},""temp"":{""N"":""150.0334""},""PM25"":{""N"":""1.3""}}"
"1639238622905","{""humidity"":{""N"":""0.914564""},""PM10"":{""N"":""15.4""},""temp"":{""N"":""7.033192""},""PM25"":{""N"":""3.5""}}"
"1638976221143","{""humidity"":{""N"":""0.604961""},""PM10"":{""N"":""5.8""},""temp"":{""N"":""7.775085""},""PM25"":{""N"":""1.7""}}"
"1638904387398","{""humidity"":{""N"":""0.98636""},""PM10"":{""N"":""15.3""},""temp"":{""N"":""4.523846""},""PM25"":{""N"":""3.9""}}"
"1638845136635","{""humidity"":{""N"":""0.946176""},""PM10"":{""N"":""3.6""},""temp"":{""N"":""0.72644""},""PM25"":{""N"":""1.3""}}"
"1639030084192","{""humidity"":{""N"":""0.815761""},""PM10"":{""N"":""6.8""},""temp"":{""N"":""3.380199""},""PM25"":{""N"":""1.1""}}"
"1639066003963","{""humidity"":{""N"":""0.76878""},""PM10"":{""N"":""24.6""},""temp"":{""N"":""5.975964""},""PM25"":{""N"":""3.2""}}"
"1639364342739","{""humidity"":{""N"":""0.999999""},""PM10"":{""N"":""4.6""},""temp"":{""N"":""150.0334""},""PM25"":{""N"":""1.9""}}"
"1639366139865","{""humidity"":{""N"":""0.999999""},""PM10"":{""N"":""4.2""},""temp"":{""N"":""150.0334""},""PM25"":{""N"":""1.4""}}"
"1639267362797","{""humidity"":{""N"":""0.999999""},""PM10"":{""N"":""19""},""temp"":{""N"":""10.11541""},""PM25"":{""N"":""5.8""}}"
"1638931324628","{""humidity"":{""N"":""0.78955""},""PM10"":{""N"":""4.9""},""temp"":{""N"":""5.052269""},""PM25"":{""N"":""1.1""}}"
"1639375119341","{""humidity"":{""N"":""0.999999""},""PM10"":{""N"":""3.3""},""temp"":{""N"":""150.0334""},""PM25"":{""N"":""1.3""}}"
"1639290712828","{""humidity"":{""N"":""0.999999""},""PM10"":{""N"":""11.7""},""temp"":{""N"":""150.0334""},""PM25"":{""N"":""2.3""}}"
"1639098325187","{""humidity"":{""N"":""0.967982""},""PM10"":{""N"":""4.3""},""temp"":{""N"":""7.689812""},""PM25"":{""N"":""2.2""}}"
"1639133548226","{""humidity"":{""N"":""0.736177""},""PM10"":{""N"":""12.6""},""temp"":{""N"":""5.788059""},""PM25"":{""N"":""1.2""}}"
"1639385895353","{""humidity"":{""N"":""0.999999""},""PM10"":{""N"":""13.9""},""temp"":{""N"":""150.0334""},""PM25"":{""N"":""2.4""}}"
"1639310469205","{""humidity"":{""N"":""0.999999""},""PM10"":{""N"":""17.9""},""temp"":{""N"":""150.0334""},""PM25"":{""N"":""3.9""}}"
"1639039061831","{""humidity"":{""N"":""0.801906""},""PM10"":{""N"":""27.7""},""temp"":{""N"":""3.979969""},""PM25"":{""N"":""2.3""}}"
"1638995969223","{""humidity"":{""N"":""0.785126""},""PM10"":{""N"":""13.5""},""temp"":{""N"":""5.576687""},""PM25"":{""N"":""1.9""}}"
"1639125266615","{""humidity"":{""N"":""0.999999""},""PM10"":{""N"":""5.9""},""temp"":{""N"":""150.0334""},""PM25"":{""N"":""1.2""}}"
"1639163368822","{""humidity"":{""N"":""0.780361""},""PM10"":{""N"":""5.1""},""temp"":{""N"":""4.458221""},""PM25"":{""N"":""2.1""}}"
"1638872073853","{""humidity"":{""N"":""0.825651""},""PM10"":{""N"":""18.2""},""temp"":{""N"":""6.426174""},""PM25"":{""N"":""2.2""}}"
"1639067799241","{""humidity"":{""N"":""0.781656""},""PM10"":{""N"":""15""},""temp"":{""N"":""5.809616""},""PM25"":{""N"":""4.3""}}"
"1638906182986","{""humidity"":{""N"":""0.988061""},""PM10"":{""N"":""23.9""},""temp"":{""N"":""4.898132""},""PM25"":{""N"":""3.2""}}"
"1639351772380","{""humidity"":{""N"":""0.999999""},""PM10"":{""N"":""12.7""},""temp"":{""N"":""150.0334""},""PM25"":{""N"":""1.7""}}"
"1639324833324","{""humidity"":{""N"":""0.999999""},""PM10"":{""N"":""3.4""},""temp"":{""N"":""150.0334""},""PM25"":{""N"":""1.5""}}"
"1638999559181","{""humidity"":{""N"":""0.744829""},""PM10"":{""N"":""3.7""},""temp"":{""N"":""5.702595""},""PM25"":{""N"":""1.7""}}"
"1639046246954","{""humidity"":{""N"":""0.759391""},""PM10"":{""N"":""13.4""},""temp"":{""N"":""5.318581""},""PM25"":{""N"":""2.1""}}"
"1638836157813","{""humidity"":{""N"":""0.904302""},""PM10"":{""N"":""9.5""},""temp"":{""N"":""1.87104""},""PM25"":{""N"":""2.5""}}"
"1639251197268","{""humidity"":{""N"":""0.999999""},""PM10"":{""N"":""8.1""},""temp"":{""N"":""8.676842""},""PM25"":{""N"":""4.6""}}"
"1639378711753","{""humidity"":{""N"":""0.999999""},""PM10"":{""N"":""3.9""},""temp"":{""N"":""150.0334""},""PM25"":{""N"":""2""}}"
"1638873870661","{""humidity"":{""N"":""0.824445""},""PM10"":{""N"":""15.7""},""temp"":{""N"":""6.848721""},""PM25"":{""N"":""1.8""}}"
"1639371527559","{""humidity"":{""N"":""0.999999""},""PM10"":{""N"":""3.2""},""temp"":{""N"":""150.0334""},""PM25"":{""N"":""1.6""}}"
"1638951077655","{""humidity"":{""N"":""0.743105""},""PM10"":{""N"":""11""},""temp"":{""N"":""5.389927""},""PM25"":{""N"":""1.8""}}"
"1638818206492","{""humidity"":{""N"":""0.807087""},""PM10"":{""N"":""6.6""},""temp"":{""N"":""4.38306""},""PM25"":{""N"":""2.4""}}"
"1638965447590","{""humidity"":{""N"":""0.653707""},""PM10"":{""N"":""14.1""},""temp"":{""N"":""8.023083""},""PM25"":{""N"":""2.1""}}"
"1639416422819","{""humidity"":{""N"":""0.999999""},""PM10"":{""N"":""12.9""},""temp"":{""N"":""150.0334""},""PM25"":{""N"":""3.7""}}"
"1638960060210","{""humidity"":{""N"":""0.653113""},""PM10"":{""N"":""3.4""},""temp"":{""N"":""7.600914""},""PM25"":{""N"":""1.4""}}"
"1639346383149","{""humidity"":{""N"":""0.999999""},""PM10"":{""N"":""8.4""},""temp"":{""N"":""150.0334""},""PM25"":{""N"":""3""}}"
"1639091143443","{""humidity"":{""N"":""0.986032""},""PM10"":{""N"":""8""},""temp"":{""N"":""7.510681""},""PM25"":{""N"":""1.3""}}"
"1639146118867","{""humidity"":{""N"":""0.999999""},""PM10"":{""N"":""2.1""},""temp"":{""N"":""150.0334""},""PM25"":{""N"":""1""}}"
"1639177565809","{""humidity"":{""N"":""0.854863""},""PM10"":{""N"":""7.4""},""temp"":{""N"":""2.585655""},""PM25"":{""N"":""2.2""}}"
"1639060618739","{""humidity"":{""N"":""0.690174""},""PM10"":{""N"":""11.2""},""temp"":{""N"":""7.182373""},""PM25"":{""N"":""1.8""}}"
"1638947485267","{""humidity"":{""N"":""0.777422""},""PM10"":{""N"":""8.3""},""temp"":{""N"":""4.723389""},""PM25"":{""N"":""1.2""}}"
"1639278139997","{""humidity"":{""N"":""0.999999""},""PM10"":{""N"":""34.2""},""temp"":{""N"":""150.0334""},""PM25"":{""N"":""3.4""}}"
"1639229648948","{""humidity"":{""N"":""0.783678""},""PM10"":{""N"":""10.5""},""temp"":{""N"":""7.995613""},""PM25"":{""N"":""3.9""}}"
"1639272752626","{""humidity"":{""N"":""0.999999""},""PM10"":{""N"":""10.7""},""temp"":{""N"":""150.0334""},""PM25"":{""N"":""3.1""}}"
"1639062413701","{""humidity"":{""N"":""0.729844""},""PM10"":{""N"":""7.8""},""temp"":{""N"":""6.462036""},""PM25"":{""N"":""2""}}"
"1638981604818","{""humidity"":{""N"":""0.633226""},""PM10"":{""N"":""13.4""},""temp"":{""N"":""6.490082""},""PM25"":{""N"":""3""}}"
"1638922343607","{""humidity"":{""N"":""0.835378""},""PM10"":{""N"":""4.5""},""temp"":{""N"":""4.570393""},""PM25"":{""N"":""1""}}"
"1639193724281","{""humidity"":{""N"":""0.924519""},""PM10"":{""N"":""14.9""},""temp"":{""N"":""1.915489""},""PM25"":{""N"":""2.4""}}"
"1639233239518","{""humidity"":{""N"":""0.879058""},""PM10"":{""N"":""13.9""},""temp"":{""N"":""7.488552""},""PM25"":{""N"":""2.9""}}"
"1638940304112","{""humidity"":{""N"":""0.783426""},""PM10"":{""N"":""7.1""},""temp"":{""N"":""5.139259""},""PM25"":{""N"":""1.2""}}"
"1638915162477","{""humidity"":{""N"":""0.891579""},""PM10"":{""N"":""14""},""temp"":{""N"":""4.736359""},""PM25"":{""N"":""2""}}"
"1639355364481","{""humidity"":{""N"":""0.999999""},""PM10"":{""N"":""6""},""temp"":{""N"":""150.0334""},""PM25"":{""N"":""1.7""}}"
"1639107300058","{""humidity"":{""N"":""0.999999""},""PM10"":{""N"":""4.5""},""temp"":{""N"":""5.93037""},""PM25"":{""N"":""2""}}"
"1639274547893","{""humidity"":{""N"":""0.999999""},""PM10"":{""N"":""16.9""},""temp"":{""N"":""150.0334""},""PM25"":{""N"":""3.2""}}"
"1639199112885","{""humidity"":{""N"":""0.938289""},""PM10"":{""N"":""12""},""temp"":{""N"":""1.637543""},""PM25"":{""N"":""2.1""}}"
"1639044451359","{""humidity"":{""N"":""0.784167""},""PM10"":{""N"":""8.7""},""temp"":{""N"":""4.660053""},""PM25"":{""N"":""1.7""}}"
"1639128159307","{""humidity"":{""N"":""0.794903""},""PM10"":{""N"":""4.1""},""temp"":{""N"":""4.695156""},""PM25"":{""N"":""1.2""}}"
"1638809231304","{""humidity"":{""N"":""0.934697""},""PM10"":{""N"":""5.6""},""temp"":{""N"":""6.065624""},""PM25"":{""N"":""1.8""}}"
"1639080369325","{""humidity"":{""N"":""0.906164""},""PM10"":{""N"":""10.4""},""temp"":{""N"":""7.38554""},""PM25"":{""N"":""2.1""}}"
"1639418218105","{""humidity"":{""N"":""0.999999""},""PM10"":{""N"":""4.8""},""temp"":{""N"":""150.0334""},""PM25"":{""N"":""2.7""}}"
"1639126368011","{""humidity"":{""N"":""0.815079""},""PM10"":{""N"":""9.1""},""temp"":{""N"":""4.64212""},""PM25"":{""N"":""2.1""}}"
"1639330218861","{""humidity"":{""N"":""0.999999""},""PM10"":{""N"":""13.4""},""temp"":{""N"":""150.0334""},""PM25"":{""N"":""2.8""}}"
"1639384099751","{""humidity"":{""N"":""0.999999""},""PM10"":{""N"":""28.1""},""temp"":{""N"":""150.0334""},""PM25"":{""N"":""4.6""}}"
"1638859499498","{""humidity"":{""N"":""0.932118""},""PM10"":{""N"":""6.5""},""temp"":{""N"":""1.86303""},""PM25"":{""N"":""1.8""}}"
"1638900798728","{""humidity"":{""N"":""0.98471""},""PM10"":{""N"":""14.4""},""temp"":{""N"":""4.916252""},""PM25"":{""N"":""2.5""}}"
"1639387690956","{""humidity"":{""N"":""0.999999""},""PM10"":{""N"":""14.9""},""temp"":{""N"":""150.0334""},""PM25"":{""N"":""3""}}"
"1639058823445","{""humidity"":{""N"":""0.666473""},""PM10"":{""N"":""11.3""},""temp"":{""N"":""7.347767""},""PM25"":{""N"":""2.9""}}"
"1638902592418","{""humidity"":{""N"":""0.985376""},""PM10"":{""N"":""19.4""},""temp"":{""N"":""4.749714""},""PM25"":{""N"":""2.7""}}"
"1638816411503","{""humidity"":{""N"":""0.782905""},""PM10"":{""N"":""4.9""},""temp"":{""N"":""5.033382""},""PM25"":{""N"":""1.5""}}"
"1639195521393","{""humidity"":{""N"":""0.92976""},""PM10"":{""N"":""7.6""},""temp"":{""N"":""1.396221""},""PM25"":{""N"":""2.3""}}"
"1639071390418","{""humidity"":{""N"":""0.812237""},""PM10"":{""N"":""10.9""},""temp"":{""N"":""5.928272""},""PM25"":{""N"":""2.7""}}"
"1639349976480","{""humidity"":{""N"":""0.999999""},""PM10"":{""N"":""13.6""},""temp"":{""N"":""150.0334""},""PM25"":{""N"":""2.2""}}"
"1639184748472","{""humidity"":{""N"":""0.863892""},""PM10"":{""N"":""3.2""},""temp"":{""N"":""2.544067""},""PM25"":{""N"":""1.7""}}"
"1639166957854","{""humidity"":{""N"":""0.803621""},""PM10"":{""N"":""4.8""},""temp"":{""N"":""4.119038""},""PM25"":{""N"":""2.1""}}"
"1639244011214","{""humidity"":{""N"":""0.969672""},""PM10"":{""N"":""18""},""temp"":{""N"":""7.276039""},""PM25"":{""N"":""5.2""}}"
"1638857703297","{""humidity"":{""N"":""0.930943""},""PM10"":{""N"":""7.8""},""temp"":{""N"":""1.841091""},""PM25"":{""N"":""2""}}"
"1638933120829","{""humidity"":{""N"":""0.797584""},""PM10"":{""N"":""4.2""},""temp"":{""N"":""4.987598""},""PM25"":{""N"":""1.2""}}"
"1639051637103","{""humidity"":{""N"":""0.678966""},""PM10"":{""N"":""4.5""},""temp"":{""N"":""7.123043""},""PM25"":{""N"":""1.6""}}"
"1639276343180","{""humidity"":{""N"":""0.999999""},""PM10"":{""N"":""13.8""},""temp"":{""N"":""150.0334""},""PM25"":{""N"":""4.2""}}"
"1639175770530","{""humidity"":{""N"":""0.84541""},""PM10"":{""N"":""9.9""},""temp"":{""N"":""2.832699""},""PM25"":{""N"":""2""}}"
"1639003150056","{""humidity"":{""N"":""0.709639""},""PM10"":{""N"":""22.4""},""temp"":{""N"":""6.13678""},""PM25"":{""N"":""2.1""}}"
"1639319446850","{""humidity"":{""N"":""0.999999""},""PM10"":{""N"":""15""},""temp"":{""N"":""150.0334""},""PM25"":{""N"":""2.9""}}"
"1639168754675","{""humidity"":{""N"":""0.80166""},""PM10"":{""N"":""18""},""temp"":{""N"":""4.046356""},""PM25"":{""N"":""3.1""}}"
"1639321242760","{""humidity"":{""N"":""0.999999""},""PM10"":{""N"":""4.6""},""temp"":{""N"":""150.0334""},""PM25"":{""N"":""1.4""}}"
"1639411035442","{""humidity"":{""N"":""0.999999""},""PM10"":{""N"":""9.5""},""temp"":{""N"":""150.0334""},""PM25"":{""N"":""2.6""}}"
"1638848726885","{""humidity"":{""N"":""0.912722""},""PM10"":{""N"":""10""},""temp"":{""N"":""1.464134""},""PM25"":{""N"":""1.5""}}"
"1638936711708","{""humidity"":{""N"":""0.804152""},""PM10"":{""N"":""3.8""},""temp"":{""N"":""5.073635""},""PM25"":{""N"":""1""}}"
"1639211683231","{""humidity"":{""N"":""0.955997""},""PM10"":{""N"":""11.6""},""temp"":{""N"":""1.775085""},""PM25"":{""N"":""4""}}"
"1639103710411","{""humidity"":{""N"":""0.999999""},""PM10"":{""N"":""4.1""},""temp"":{""N"":""6.653378""},""PM25"":{""N"":""1.5""}}"
"1639165163192","{""humidity"":{""N"":""0.79047""},""PM10"":{""N"":""8.3""},""temp"":{""N"":""4.281952""},""PM25"":{""N"":""2.7""}}"
"1638821796431","{""humidity"":{""N"":""0.84678""},""PM10"":{""N"":""10.3""},""temp"":{""N"":""3.321251""},""PM25"":{""N"":""1.5""}}"
"1639116280758","{""humidity"":{""N"":""0.999999""},""PM10"":{""N"":""8.5""},""temp"":{""N"":""150.0334""},""PM25"":{""N"":""1.8""}}"
"1638949280831","{""humidity"":{""N"":""0.754523""},""PM10"":{""N"":""21.9""},""temp"":{""N"":""5.030331""},""PM25"":{""N"":""1.9""}}"
"1639049840288","{""humidity"":{""N"":""0.71888""},""PM10"":{""N"":""7.5""},""temp"":{""N"":""6.414536""},""PM25"":{""N"":""2.1""}}"
"1639083961078","{""humidity"":{""N"":""0.944001""},""PM10"":{""N"":""4.5""},""temp"":{""N"":""7.282524""},""PM25"":{""N"":""2.4""}}"
"1638992377428","{""humidity"":{""N"":""0.687865""},""PM10"":{""N"":""11.1""},""temp"":{""N"":""6.009346""},""PM25"":{""N"":""2.4""}}"
"1639297896703","{""humidity"":{""N"":""0.999999""},""PM10"":{""N"":""15""},""temp"":{""N"":""150.0334""},""PM25"":{""N"":""1.9""}}"
"1639249401057","{""humidity"":{""N"":""0.999999""},""PM10"":{""N"":""8.3""},""temp"":{""N"":""8.242657""},""PM25"":{""N"":""4.5""}}"
"1639299692036","{""humidity"":{""N"":""0.999999""},""PM10"":{""N"":""9.8""},""temp"":{""N"":""150.0334""},""PM25"":{""N"":""2.4""}}"
"1639308672695","{""humidity"":{""N"":""0.999999""},""PM10"":{""N"":""21.5""},""temp"":{""N"":""150.0334""},""PM25"":{""N"":""4.4""}}"
"1638967243484","{""humidity"":{""N"":""0.644023""},""PM10"":{""N"":""16.5""},""temp"":{""N"":""8.548264""},""PM25"":{""N"":""2""}}"
"1639028289525","{""humidity"":{""N"":""0.77487""},""PM10"":{""N"":""14.9""},""temp"":{""N"":""4.093857""},""PM25"":{""N"":""2.7""}}"
"1639155002513","{""humidity"":{""N"":""0.659064""},""PM10"":{""N"":""11.8""},""temp"":{""N"":""7.009346""},""PM25"":{""N"":""4.5""}}"
"1638820002067","{""humidity"":{""N"":""0.810238""},""PM10"":{""N"":""3.2""},""temp"":{""N"":""4.053223""},""PM25"":{""N"":""1.3""}}"
"1639315856284","{""humidity"":{""N"":""0.999999""},""PM10"":{""N"":""11.4""},""temp"":{""N"":""150.0334""},""PM25"":{""N"":""2.9""}}"
"1638899002463","{""humidity"":{""N"":""0.983309""},""PM10"":{""N"":""9""},""temp"":{""N"":""5.245899""},""PM25"":{""N"":""2""}}"
"1639057026324","{""humidity"":{""N"":""0.662252""},""PM10"":{""N"":""8.5""},""temp"":{""N"":""7.403854""},""PM25"":{""N"":""2.6""}}"
"1639092939025","{""humidity"":{""N"":""0.992767""},""PM10"":{""N"":""5""},""temp"":{""N"":""7.660625""},""PM25"":{""N"":""1.9""}}"
"1638952873858","{""humidity"":{""N"":""0.732364""},""PM10"":{""N"":""7.8""},""temp"":{""N"":""5.714802""},""PM25"":{""N"":""1""}}"
"1638888236304","{""humidity"":{""N"":""0.905481""},""PM10"":{""N"":""9.5""},""temp"":{""N"":""7.776993""},""PM25"":{""N"":""2.1""}}"
"1638825386068","{""humidity"":{""N"":""0.843877""},""PM10"":{""N"":""11.1""},""temp"":{""N"":""3.164631""},""PM25"":{""N"":""1.8""}}"
"1638879257734","{""humidity"":{""N"":""0.888556""},""PM10"":{""N"":""5.9""},""temp"":{""N"":""7.191338""},""PM25"":{""N"":""2.5""}}"
"1639042654852","{""humidity"":{""N"":""0.783595""},""PM10"":{""N"":""32.6""},""temp"":{""N"":""4.622852""},""PM25"":{""N"":""2.7""}}"
"1639285324202","{""humidity"":{""N"":""0.999999""},""PM10"":{""N"":""19.6""},""temp"":{""N"":""150.0334""},""PM25"":{""N"":""3.6""}}"
"1639405648060","{""humidity"":{""N"":""0.999999""},""PM10"":{""N"":""7.9""},""temp"":{""N"":""150.0334""},""PM25"":{""N"":""1.5""}}"
"1638846931599","{""humidity"":{""N"":""0.924611""},""PM10"":{""N"":""4.6""},""temp"":{""N"":""1.245899""},""PM25"":{""N"":""1.5""}}"
"1638832568425","{""humidity"":{""N"":""0.857089""},""PM10"":{""N"":""3.5""},""temp"":{""N"":""2.492752""},""PM25"":{""N"":""1.2""}}"
"1639021103791","{""humidity"":{""N"":""0.689775""},""PM10"":{""N"":""11.1""},""temp"":{""N"":""5.612171""},""PM25"":{""N"":""1""}}"
"1639031878553","{""humidity"":{""N"":""0.821016""},""PM10"":{""N"":""4.1""},""temp"":{""N"":""3.345478""},""PM25"":{""N"":""1.3""}}"
"1639152830110","{""humidity"":{""N"":""0.719508""},""PM10"":{""N"":""4.7""},""temp"":{""N"":""150.0334""},""PM25"":{""N"":""1.7""}}"
"1639236827315","{""humidity"":{""N"":""0.906721""},""PM10"":{""N"":""23.4""},""temp"":{""N"":""7.047501""},""PM25"":{""N"":""5.1""}}"
"1638841546063","{""humidity"":{""N"":""0.928259""},""PM10"":{""N"":""7.7""},""temp"":{""N"":""1.30389""},""PM25"":{""N"":""1.8""}}"
"1638913366271","{""humidity"":{""N"":""0.971867""},""PM10"":{""N"":""5.2""},""temp"":{""N"":""4.62495""},""PM25"":{""N"":""1.7""}}"
"1638942099702","{""humidity"":{""N"":""0.776777""},""PM10"":{""N"":""18.1""},""temp"":{""N"":""5.062572""},""PM25"":{""N"":""1.6""}}"
"1639024698964","{""humidity"":{""N"":""0.716011""},""PM10"":{""N"":""13.6""},""temp"":{""N"":""5.250095""},""PM25"":{""N"":""2.8""}}"
"1639101914515","{""humidity"":{""N"":""0.994226""},""PM10"":{""N"":""5.9""},""temp"":{""N"":""7.123425""},""PM25"":{""N"":""2.3""}}"
"1639138935911","{""humidity"":{""N"":""0.680248""},""PM10"":{""N"":""13.8""},""temp"":{""N"":""6.729301""},""PM25"":{""N"":""1.4""}}"
"1639245807416","{""humidity"":{""N"":""0.991673""},""PM10"":{""N"":""20.5""},""temp"":{""N"":""7.424839""},""PM25"":{""N"":""6.1""}}"
"1638979810763","{""humidity"":{""N"":""0.651286""},""PM10"":{""N"":""11.3""},""temp"":{""N"":""6.331745""},""PM25"":{""N"":""2.7""}}"
"1639391281798","{""humidity"":{""N"":""0.999999""},""PM10"":{""N"":""6.1""},""temp"":{""N"":""150.0334""},""PM25"":{""N"":""1.6""}}"
"1639100120156","{""humidity"":{""N"":""0.951577""},""PM10"":{""N"":""6.7""},""temp"":{""N"":""7.487408""},""PM25"":{""N"":""2.6""}}"
"1639161574468","{""humidity"":{""N"":""0.773873""},""PM10"":{""N"":""14.3""},""temp"":{""N"":""4.697254""},""PM25"":{""N"":""1.6""}}"
"1639213479744","{""humidity"":{""N"":""0.916094""},""PM10"":{""N"":""7.1""},""temp"":{""N"":""3.059902""},""PM25"":{""N"":""3""}}"
"1639089347846","{""humidity"":{""N"":""0.968093""},""PM10"":{""N"":""5.5""},""temp"":{""N"":""7.539871""},""PM25"":{""N"":""1.8""}}"
"1639367936683","{""humidity"":{""N"":""0.999999""},""PM10"":{""N"":""3.6""},""temp"":{""N"":""150.0334""},""PM25"":{""N"":""1.7""}}"
"1638927732015","{""humidity"":{""N"":""0.842354""},""PM10"":{""N"":""9.5""},""temp"":{""N"":""4.903473""},""PM25"":{""N"":""1.9""}}"
"1639209888255","{""humidity"":{""N"":""0.949164""},""PM10"":{""N"":""7.5""},""temp"":{""N"":""1.639259""},""PM25"":{""N"":""2.7""}}"
"1639303282855","{""humidity"":{""N"":""0.999999""},""PM10"":{""N"":""21.5""},""temp"":{""N"":""150.0334""},""PM25"":{""N"":""3.8""}}"
"1639181156375","{""humidity"":{""N"":""0.890559""},""PM10"":{""N"":""6.4""},""temp"":{""N"":""2.012783""},""PM25"":{""N"":""2.6""}}"
"1639173975856","{""humidity"":{""N"":""0.806957""},""PM10"":{""N"":""4.8""},""temp"":{""N"":""3.58947""},""PM25"":{""N"":""2.1""}}"
"1638830772838","{""humidity"":{""N"":""0.854795""},""PM10"":{""N"":""6.7""},""temp"":{""N"":""2.821632""},""PM25"":{""N"":""2.5""}}"
"1638990582151","{""humidity"":{""N"":""0.673415""},""PM10"":{""N"":""8.6""},""temp"":{""N"":""6.323158""},""PM25"":{""N"":""2.5""}}"
"1639118076347","{""humidity"":{""N"":""0.999999""},""PM10"":{""N"":""20.3""},""temp"":{""N"":""150.0334""},""PM25"":{""N"":""1.4""}}"
"1638866684001","{""humidity"":{""N"":""0.829673""},""PM10"":{""N"":""15.1""},""temp"":{""N"":""4.240559""},""PM25"":{""N"":""2.1""}}"
"1639353568887","{""humidity"":{""N"":""0.999999""},""PM10"":{""N"":""3.7""},""temp"":{""N"":""150.0334""},""PM25"":{""N"":""1.6""}}"
"1638958263998","{""humidity"":{""N"":""0.673898""},""PM10"":{""N"":""10.4""},""temp"":{""N"":""7.102825""},""PM25"":{""N"":""1.3""}}"
"1638972630562","{""humidity"":{""N"":""0.615976""},""PM10"":{""N"":""6.3""},""temp"":{""N"":""8.200687""},""PM25"":{""N"":""1""}}"
"1639202704977","{""humidity"":{""N"":""0.926213""},""PM10"":{""N"":""7.5""},""temp"":{""N"":""2.07745""},""PM25"":{""N"":""2.4""}}"
"1639159780716","{""humidity"":{""N"":""0.782702""},""PM10"":{""N"":""7.6""},""temp"":{""N"":""4.653187""},""PM25"":{""N"":""2.5""}}"
"1639186541603","{""humidity"":{""N"":""0.902987""},""PM10"":{""N"":""14.5""},""temp"":{""N"":""1.866272""},""PM25"":{""N"":""2.6""}}"
"1639301486961","{""humidity"":{""N"":""0.999999""},""PM10"":{""N"":""8""},""temp"":{""N"":""150.0334""},""PM25"":{""N"":""1.6""}}"
"1639200909389","{""humidity"":{""N"":""0.937127""},""PM10"":{""N"":""12.2""},""temp"":{""N"":""1.791111""},""PM25"":{""N"":""2.4""}}"
"1639040859264","{""humidity"":{""N"":""0.793134""},""PM10"":{""N"":""10.2""},""temp"":{""N"":""4.271462""},""PM25"":{""N"":""2.8""}}"
"1639314060078","{""humidity"":{""N"":""0.999999""},""PM10"":{""N"":""27.5""},""temp"":{""N"":""150.0334""},""PM25"":{""N"":""3""}}"
"1639010331488","{""humidity"":{""N"":""0.71697""},""PM10"":{""N"":""10.6""},""temp"":{""N"":""5.766884""},""PM25"":{""N"":""2.1""}}"
